<div style='font-family:sans-serif;line-height:1.55;text-align:center'><div style='font-size:28px;font-weight:700'>🇰🇷 열다</div><div style='font-size:18px;opacity:.75;margin-top:8px'>🇬🇧 to open something</div><div style='margin-top:18px;padding:10px;border:1px solid #aaa;border-radius:10px'><b>Frame:</b> Nを開(あ)ける</div></div>	<div style='font-family:sans-serif;line-height:1.55'><div style='font-size:36px;font-weight:700;text-align:center'>開(あ)ける</div><div style='font-size:18px;opacity:.7;text-align:center'>あける</div><div style='margin-top:14px'><b>一段(いちだん)</b> · 他動詞(たどうし)</div><div><b>Frame:</b> Nを開(あ)ける</div><div style='margin-top:14px;font-size:21px'>窓(まど)を開(あ)ける。</div><div style='opacity:.7'>🇰🇷 창문을 열다.</div></div>	JLPT_N3_4M mechanics_verb pair_open ichidan transitive production
<div style='font-family:sans-serif;line-height:1.55;text-align:center'><div style='font-size:28px;font-weight:700'>🇰🇷 열리다; 문을 열다</div><div style='font-size:18px;opacity:.75;margin-top:8px'>🇬🇧 to open; become open</div><div style='margin-top:18px;padding:10px;border:1px solid #aaa;border-radius:10px'><b>Frame:</b> Nが開(あ)く</div></div>	<div style='font-family:sans-serif;line-height:1.55'><div style='font-size:36px;font-weight:700;text-align:center'>開(あ)く</div><div style='font-size:18px;opacity:.7;text-align:center'>あく</div><div style='margin-top:14px'><b>五段(ごだん)</b> · 自動詞(じどうし)</div><div><b>Frame:</b> Nが開(あ)く</div><div style='margin-top:14px;font-size:21px'>店(みせ)は九時(くじ)に開(あ)く。</div><div style='opacity:.7'>🇰🇷 가게는 9시에 연다.</div></div>	JLPT_N3_4M mechanics_verb pair_open godan intransitive production
<div style='font-family:sans-serif;line-height:1.55;text-align:center'><div style='font-size:28px;font-weight:700'>🇰🇷 닫다</div><div style='font-size:18px;opacity:.75;margin-top:8px'>🇬🇧 to close something</div><div style='margin-top:18px;padding:10px;border:1px solid #aaa;border-radius:10px'><b>Frame:</b> Nを閉(し)める</div></div>	<div style='font-family:sans-serif;line-height:1.55'><div style='font-size:36px;font-weight:700;text-align:center'>閉(し)める</div><div style='font-size:18px;opacity:.7;text-align:center'>しめる</div><div style='margin-top:14px'><b>一段(いちだん)</b> · 他動詞(たどうし)</div><div><b>Frame:</b> Nを閉(し)める</div><div style='margin-top:14px;font-size:21px'>窓(まど)を閉(し)める。</div><div style='opacity:.7'>🇰🇷 창문을 닫다.</div></div>	JLPT_N3_4M mechanics_verb pair_close ichidan transitive production
<div style='font-family:sans-serif;line-height:1.55;text-align:center'><div style='font-size:28px;font-weight:700'>🇰🇷 닫히다</div><div style='font-size:18px;opacity:.75;margin-top:8px'>🇬🇧 to close; become closed</div><div style='margin-top:18px;padding:10px;border:1px solid #aaa;border-radius:10px'><b>Frame:</b> Nが閉(し)まる</div></div>	<div style='font-family:sans-serif;line-height:1.55'><div style='font-size:36px;font-weight:700;text-align:center'>閉(し)まる</div><div style='font-size:18px;opacity:.7;text-align:center'>しまる</div><div style='margin-top:14px'><b>五段(ごだん)</b> · 自動詞(じどうし)</div><div><b>Frame:</b> Nが閉(し)まる</div><div style='margin-top:14px;font-size:21px'>店(みせ)は八時(はちじ)に閉(し)まる。</div><div style='opacity:.7'>🇰🇷 가게는 8시에 닫는다.</div></div>	JLPT_N3_4M mechanics_verb pair_close godan intransitive production
<div style='font-family:sans-serif;line-height:1.55;text-align:center'><div style='font-size:28px;font-weight:700'>🇰🇷 시작하다</div><div style='font-size:18px;opacity:.75;margin-top:8px'>🇬🇧 to start something</div><div style='margin-top:18px;padding:10px;border:1px solid #aaa;border-radius:10px'><b>Frame:</b> Nを始(はじ)める</div></div>	<div style='font-family:sans-serif;line-height:1.55'><div style='font-size:36px;font-weight:700;text-align:center'>始(はじ)める</div><div style='font-size:18px;opacity:.7;text-align:center'>はじめる</div><div style='margin-top:14px'><b>一段(いちだん)</b> · 他動詞(たどうし)</div><div><b>Frame:</b> Nを始(はじ)める</div><div style='margin-top:14px;font-size:21px'>勉強(べんきょう)を始(はじ)める。</div><div style='opacity:.7'>🇰🇷 공부를 시작하다.</div></div>	JLPT_N3_4M mechanics_verb pair_start ichidan transitive production
<div style='font-family:sans-serif;line-height:1.55;text-align:center'><div style='font-size:28px;font-weight:700'>🇰🇷 시작되다</div><div style='font-size:18px;opacity:.75;margin-top:8px'>🇬🇧 to begin; start</div><div style='margin-top:18px;padding:10px;border:1px solid #aaa;border-radius:10px'><b>Frame:</b> Nが始(はじ)まる</div></div>	<div style='font-family:sans-serif;line-height:1.55'><div style='font-size:36px;font-weight:700;text-align:center'>始(はじ)まる</div><div style='font-size:18px;opacity:.7;text-align:center'>はじまる</div><div style='margin-top:14px'><b>五段(ごだん)</b> · 自動詞(じどうし)</div><div><b>Frame:</b> Nが始(はじ)まる</div><div style='margin-top:14px;font-size:21px'>授業(じゅぎょう)が始(はじ)まる。</div><div style='opacity:.7'>🇰🇷 수업이 시작된다.</div></div>	JLPT_N3_4M mechanics_verb pair_start godan intransitive production
<div style='font-family:sans-serif;line-height:1.55;text-align:center'><div style='font-size:28px;font-weight:700'>🇰🇷 끝내다</div><div style='font-size:18px;opacity:.75;margin-top:8px'>🇬🇧 to finish something</div><div style='margin-top:18px;padding:10px;border:1px solid #aaa;border-radius:10px'><b>Frame:</b> Nを終(お)える</div></div>	<div style='font-family:sans-serif;line-height:1.55'><div style='font-size:36px;font-weight:700;text-align:center'>終(お)える</div><div style='font-size:18px;opacity:.7;text-align:center'>おえる</div><div style='margin-top:14px'><b>一段(いちだん)</b> · 他動詞(たどうし)</div><div><b>Frame:</b> Nを終(お)える</div><div style='margin-top:14px;font-size:21px'>仕事(しごと)を終(お)える。</div><div style='opacity:.7'>🇰🇷 일을 끝내다.</div></div>	JLPT_N3_4M mechanics_verb pair_finish ichidan transitive production
<div style='font-family:sans-serif;line-height:1.55;text-align:center'><div style='font-size:28px;font-weight:700'>🇰🇷 끝나다</div><div style='font-size:18px;opacity:.75;margin-top:8px'>🇬🇧 to end; finish</div><div style='margin-top:18px;padding:10px;border:1px solid #aaa;border-radius:10px'><b>Frame:</b> Nが終(お)わる</div></div>	<div style='font-family:sans-serif;line-height:1.55'><div style='font-size:36px;font-weight:700;text-align:center'>終(お)わる</div><div style='font-size:18px;opacity:.7;text-align:center'>おわる</div><div style='margin-top:14px'><b>五段(ごだん)</b> · 自動詞(じどうし)</div><div><b>Frame:</b> Nが終(お)わる</div><div style='margin-top:14px;font-size:21px'>試験(しけん)が終(お)わる。</div><div style='opacity:.7'>🇰🇷 시험이 끝난다.</div></div>	JLPT_N3_4M mechanics_verb pair_finish godan intransitive production
<div style='font-family:sans-serif;line-height:1.55;text-align:center'><div style='font-size:28px;font-weight:700'>🇰🇷 넣다</div><div style='font-size:18px;opacity:.75;margin-top:8px'>🇬🇧 to put in; insert</div><div style='margin-top:18px;padding:10px;border:1px solid #aaa;border-radius:10px'><b>Frame:</b> Nを場所(ばしょ)に入(い)れる</div></div>	<div style='font-family:sans-serif;line-height:1.55'><div style='font-size:36px;font-weight:700;text-align:center'>入(い)れる</div><div style='font-size:18px;opacity:.7;text-align:center'>いれる</div><div style='margin-top:14px'><b>一段(いちだん)</b> · 他動詞(たどうし)</div><div><b>Frame:</b> Nを場所(ばしょ)に入(い)れる</div><div style='margin-top:14px;font-size:21px'>鞄(かばん)に本(ほん)を入(い)れる。</div><div style='opacity:.7'>🇰🇷 가방에 책을 넣다.</div></div>	JLPT_N3_4M mechanics_verb pair_enter ichidan transitive production
<div style='font-family:sans-serif;line-height:1.55;text-align:center'><div style='font-size:28px;font-weight:700'>🇰🇷 들어가다</div><div style='font-size:18px;opacity:.75;margin-top:8px'>🇬🇧 to enter; go in</div><div style='margin-top:18px;padding:10px;border:1px solid #aaa;border-radius:10px'><b>Frame:</b> Nが場所(ばしょ)に入(はい)る</div></div>	<div style='font-family:sans-serif;line-height:1.55'><div style='font-size:36px;font-weight:700;text-align:center'>入(はい)る</div><div style='font-size:18px;opacity:.7;text-align:center'>はいる</div><div style='margin-top:14px'><b>五段(ごだん)・注意(ちゅうい)</b> · 自動詞(じどうし)</div><div><b>Frame:</b> Nが場所(ばしょ)に入(はい)る</div><div style='margin-top:14px;font-size:21px'>部屋(へや)に入(はい)る。</div><div style='opacity:.7'>🇰🇷 방에 들어가다.</div></div>	JLPT_N3_4M mechanics_verb pair_enter godan intransitive production
<div style='font-family:sans-serif;line-height:1.55;text-align:center'><div style='font-size:28px;font-weight:700'>🇰🇷 꺼내다; 내다</div><div style='font-size:18px;opacity:.75;margin-top:8px'>🇬🇧 to take out; put out</div><div style='margin-top:18px;padding:10px;border:1px solid #aaa;border-radius:10px'><b>Frame:</b> Nを場所(ばしょ)から出(だ)す</div></div>	<div style='font-family:sans-serif;line-height:1.55'><div style='font-size:36px;font-weight:700;text-align:center'>出(だ)す</div><div style='font-size:18px;opacity:.7;text-align:center'>だす</div><div style='margin-top:14px'><b>五段(ごだん)</b> · 他動詞(たどうし)</div><div><b>Frame:</b> Nを場所(ばしょ)から出(だ)す</div><div style='margin-top:14px;font-size:21px'>鞄(かばん)から本(ほん)を出(だ)す。</div><div style='opacity:.7'>🇰🇷 가방에서 책을 꺼내다.</div></div>	JLPT_N3_4M mechanics_verb pair_exit godan transitive production
<div style='font-family:sans-serif;line-height:1.55;text-align:center'><div style='font-size:28px;font-weight:700'>🇰🇷 나가다; 나오다</div><div style='font-size:18px;opacity:.75;margin-top:8px'>🇬🇧 to leave; come out</div><div style='margin-top:18px;padding:10px;border:1px solid #aaa;border-radius:10px'><b>Frame:</b> 場所(ばしょ)を／から出(で)る</div></div>	<div style='font-family:sans-serif;line-height:1.55'><div style='font-size:36px;font-weight:700;text-align:center'>出(で)る</div><div style='font-size:18px;opacity:.7;text-align:center'>でる</div><div style='margin-top:14px'><b>一段(いちだん)</b> · 自動詞(じどうし)</div><div><b>Frame:</b> 場所(ばしょ)を／から出(で)る</div><div style='margin-top:14px;font-size:21px'>家(いえ)を出(で)る。</div><div style='opacity:.7'>🇰🇷 집을 나가다.</div></div>	JLPT_N3_4M mechanics_verb pair_exit ichidan intransitive production
<div style='font-family:sans-serif;line-height:1.55;text-align:center'><div style='font-size:28px;font-weight:700'>🇰🇷 켜다; 붙이다</div><div style='font-size:18px;opacity:.75;margin-top:8px'>🇬🇧 to turn on; attach</div><div style='margin-top:18px;padding:10px;border:1px solid #aaa;border-radius:10px'><b>Frame:</b> Nをつける</div></div>	<div style='font-family:sans-serif;line-height:1.55'><div style='font-size:36px;font-weight:700;text-align:center'>つける</div><div style='font-size:18px;opacity:.7;text-align:center'>つける</div><div style='margin-top:14px'><b>一段(いちだん)</b> · 他動詞(たどうし)</div><div><b>Frame:</b> Nをつける</div><div style='margin-top:14px;font-size:21px'>テレビをつける。</div><div style='opacity:.7'>🇰🇷 텔레비전을 켜다.</div></div>	JLPT_N3_4M mechanics_verb pair_switch ichidan transitive production
<div style='font-family:sans-serif;line-height:1.55;text-align:center'><div style='font-size:28px;font-weight:700'>🇰🇷 켜지다; 붙다</div><div style='font-size:18px;opacity:.75;margin-top:8px'>🇬🇧 to turn on; become attached</div><div style='margin-top:18px;padding:10px;border:1px solid #aaa;border-radius:10px'><b>Frame:</b> Nがつく</div></div>	<div style='font-family:sans-serif;line-height:1.55'><div style='font-size:36px;font-weight:700;text-align:center'>つく</div><div style='font-size:18px;opacity:.7;text-align:center'>つく</div><div style='margin-top:14px'><b>五段(ごだん)</b> · 自動詞(じどうし)</div><div><b>Frame:</b> Nがつく</div><div style='margin-top:14px;font-size:21px'>電気(でんき)がつく。</div><div style='opacity:.7'>🇰🇷 불이 켜진다.</div></div>	JLPT_N3_4M mechanics_verb pair_switch godan intransitive production
<div style='font-family:sans-serif;line-height:1.55;text-align:center'><div style='font-size:28px;font-weight:700'>🇰🇷 끄다; 지우다</div><div style='font-size:18px;opacity:.75;margin-top:8px'>🇬🇧 to turn off; erase</div><div style='margin-top:18px;padding:10px;border:1px solid #aaa;border-radius:10px'><b>Frame:</b> Nを消(け)す</div></div>	<div style='font-family:sans-serif;line-height:1.55'><div style='font-size:36px;font-weight:700;text-align:center'>消(け)す</div><div style='font-size:18px;opacity:.7;text-align:center'>けす</div><div style='margin-top:14px'><b>五段(ごだん)</b> · 他動詞(たどうし)</div><div><b>Frame:</b> Nを消(け)す</div><div style='margin-top:14px;font-size:21px'>電気(でんき)を消(け)す。</div><div style='opacity:.7'>🇰🇷 불을 끄다.</div></div>	JLPT_N3_4M mechanics_verb pair_disappear godan transitive production
<div style='font-family:sans-serif;line-height:1.55;text-align:center'><div style='font-size:28px;font-weight:700'>🇰🇷 꺼지다; 사라지다</div><div style='font-size:18px;opacity:.75;margin-top:8px'>🇬🇧 to go out; disappear</div><div style='margin-top:18px;padding:10px;border:1px solid #aaa;border-radius:10px'><b>Frame:</b> Nが消(き)える</div></div>	<div style='font-family:sans-serif;line-height:1.55'><div style='font-size:36px;font-weight:700;text-align:center'>消(き)える</div><div style='font-size:18px;opacity:.7;text-align:center'>きえる</div><div style='margin-top:14px'><b>一段(いちだん)</b> · 自動詞(じどうし)</div><div><b>Frame:</b> Nが消(き)える</div><div style='margin-top:14px;font-size:21px'>電気(でんき)が消(き)える。</div><div style='opacity:.7'>🇰🇷 불이 꺼진다.</div></div>	JLPT_N3_4M mechanics_verb pair_disappear ichidan intransitive production
<div style='font-family:sans-serif;line-height:1.55;text-align:center'><div style='font-size:28px;font-weight:700'>🇰🇷 떨어뜨리다</div><div style='font-size:18px;opacity:.75;margin-top:8px'>🇬🇧 to drop something</div><div style='margin-top:18px;padding:10px;border:1px solid #aaa;border-radius:10px'><b>Frame:</b> Nを落(お)とす</div></div>	<div style='font-family:sans-serif;line-height:1.55'><div style='font-size:36px;font-weight:700;text-align:center'>落(お)とす</div><div style='font-size:18px;opacity:.7;text-align:center'>おとす</div><div style='margin-top:14px'><b>五段(ごだん)</b> · 他動詞(たどうし)</div><div><b>Frame:</b> Nを落(お)とす</div><div style='margin-top:14px;font-size:21px'>鍵(かぎ)を落(お)とす。</div><div style='opacity:.7'>🇰🇷 열쇠를 떨어뜨리다.</div></div>	JLPT_N3_4M mechanics_verb pair_fall godan transitive production
<div style='font-family:sans-serif;line-height:1.55;text-align:center'><div style='font-size:28px;font-weight:700'>🇰🇷 떨어지다</div><div style='font-size:18px;opacity:.75;margin-top:8px'>🇬🇧 to fall; drop</div><div style='margin-top:18px;padding:10px;border:1px solid #aaa;border-radius:10px'><b>Frame:</b> Nが落(お)ちる</div></div>	<div style='font-family:sans-serif;line-height:1.55'><div style='font-size:36px;font-weight:700;text-align:center'>落(お)ちる</div><div style='font-size:18px;opacity:.7;text-align:center'>おちる</div><div style='margin-top:14px'><b>一段(いちだん)</b> · 自動詞(じどうし)</div><div><b>Frame:</b> Nが落(お)ちる</div><div style='margin-top:14px;font-size:21px'>葉(は)が落(お)ちる。</div><div style='opacity:.7'>🇰🇷 잎이 떨어진다.</div></div>	JLPT_N3_4M mechanics_verb pair_fall ichidan intransitive production
<div style='font-family:sans-serif;line-height:1.55;text-align:center'><div style='font-size:28px;font-weight:700'>🇰🇷 올리다</div><div style='font-size:18px;opacity:.75;margin-top:8px'>🇬🇧 to raise; increase something</div><div style='margin-top:18px;padding:10px;border:1px solid #aaa;border-radius:10px'><b>Frame:</b> Nを上(あ)げる</div></div>	<div style='font-family:sans-serif;line-height:1.55'><div style='font-size:36px;font-weight:700;text-align:center'>上(あ)げる</div><div style='font-size:18px;opacity:.7;text-align:center'>あげる</div><div style='margin-top:14px'><b>一段(いちだん)</b> · 他動詞(たどうし)</div><div><b>Frame:</b> Nを上(あ)げる</div><div style='margin-top:14px;font-size:21px'>値段(ねだん)を上(あ)げる。</div><div style='opacity:.7'>🇰🇷 가격을 올리다.</div></div>	JLPT_N3_4M mechanics_verb pair_raise ichidan transitive production
<div style='font-family:sans-serif;line-height:1.55;text-align:center'><div style='font-size:28px;font-weight:700'>🇰🇷 오르다</div><div style='font-size:18px;opacity:.75;margin-top:8px'>🇬🇧 to rise; go up</div><div style='margin-top:18px;padding:10px;border:1px solid #aaa;border-radius:10px'><b>Frame:</b> Nが上(あ)がる</div></div>	<div style='font-family:sans-serif;line-height:1.55'><div style='font-size:36px;font-weight:700;text-align:center'>上(あ)がる</div><div style='font-size:18px;opacity:.7;text-align:center'>あがる</div><div style='margin-top:14px'><b>五段(ごだん)</b> · 自動詞(じどうし)</div><div><b>Frame:</b> Nが上(あ)がる</div><div style='margin-top:14px;font-size:21px'>値段(ねだん)が上(あ)がる。</div><div style='opacity:.7'>🇰🇷 가격이 오르다.</div></div>	JLPT_N3_4M mechanics_verb pair_raise godan intransitive production
<div style='font-family:sans-serif;line-height:1.55;text-align:center'><div style='font-size:28px;font-weight:700'>🇰🇷 내리다; 낮추다</div><div style='font-size:18px;opacity:.75;margin-top:8px'>🇬🇧 to lower; reduce something</div><div style='margin-top:18px;padding:10px;border:1px solid #aaa;border-radius:10px'><b>Frame:</b> Nを下(さ)げる</div></div>	<div style='font-family:sans-serif;line-height:1.55'><div style='font-size:36px;font-weight:700;text-align:center'>下(さ)げる</div><div style='font-size:18px;opacity:.7;text-align:center'>さげる</div><div style='margin-top:14px'><b>一段(いちだん)</b> · 他動詞(たどうし)</div><div><b>Frame:</b> Nを下(さ)げる</div><div style='margin-top:14px;font-size:21px'>温度(おんど)を下(さ)げる。</div><div style='opacity:.7'>🇰🇷 온도를 낮추다.</div></div>	JLPT_N3_4M mechanics_verb pair_lower ichidan transitive production
<div style='font-family:sans-serif;line-height:1.55;text-align:center'><div style='font-size:28px;font-weight:700'>🇰🇷 내려가다; 낮아지다</div><div style='font-size:18px;opacity:.75;margin-top:8px'>🇬🇧 to fall; go down</div><div style='margin-top:18px;padding:10px;border:1px solid #aaa;border-radius:10px'><b>Frame:</b> Nが下(さ)がる</div></div>	<div style='font-family:sans-serif;line-height:1.55'><div style='font-size:36px;font-weight:700;text-align:center'>下(さ)がる</div><div style='font-size:18px;opacity:.7;text-align:center'>さがる</div><div style='margin-top:14px'><b>五段(ごだん)</b> · 自動詞(じどうし)</div><div><b>Frame:</b> Nが下(さ)がる</div><div style='margin-top:14px;font-size:21px'>温度(おんど)が下(さ)がる。</div><div style='opacity:.7'>🇰🇷 온도가 내려간다.</div></div>	JLPT_N3_4M mechanics_verb pair_lower godan intransitive production
<div style='font-family:sans-serif;line-height:1.55;text-align:center'><div style='font-size:28px;font-weight:700'>🇰🇷 바꾸다</div><div style='font-size:18px;opacity:.75;margin-top:8px'>🇬🇧 to change something</div><div style='margin-top:18px;padding:10px;border:1px solid #aaa;border-radius:10px'><b>Frame:</b> Nを変(か)える</div></div>	<div style='font-family:sans-serif;line-height:1.55'><div style='font-size:36px;font-weight:700;text-align:center'>変(か)える</div><div style='font-size:18px;opacity:.7;text-align:center'>かえる</div><div style='margin-top:14px'><b>一段(いちだん)</b> · 他動詞(たどうし)</div><div><b>Frame:</b> Nを変(か)える</div><div style='margin-top:14px;font-size:21px'>予定(よてい)を変(か)える。</div><div style='opacity:.7'>🇰🇷 일정을 바꾸다.</div></div>	JLPT_N3_4M mechanics_verb pair_change ichidan transitive production
<div style='font-family:sans-serif;line-height:1.55;text-align:center'><div style='font-size:28px;font-weight:700'>🇰🇷 바뀌다</div><div style='font-size:18px;opacity:.75;margin-top:8px'>🇬🇧 to change; become different</div><div style='margin-top:18px;padding:10px;border:1px solid #aaa;border-radius:10px'><b>Frame:</b> Nが変(か)わる</div></div>	<div style='font-family:sans-serif;line-height:1.55'><div style='font-size:36px;font-weight:700;text-align:center'>変(か)わる</div><div style='font-size:18px;opacity:.7;text-align:center'>かわる</div><div style='margin-top:14px'><b>五段(ごだん)</b> · 自動詞(じどうし)</div><div><b>Frame:</b> Nが変(か)わる</div><div style='margin-top:14px;font-size:21px'>予定(よてい)が変(か)わる。</div><div style='opacity:.7'>🇰🇷 일정이 바뀐다.</div></div>	JLPT_N3_4M mechanics_verb pair_change godan intransitive production
<div style='font-family:sans-serif;line-height:1.55;text-align:center'><div style='font-size:28px;font-weight:700'>🇰🇷 정하다; 결정하다</div><div style='font-size:18px;opacity:.75;margin-top:8px'>🇬🇧 to decide something</div><div style='margin-top:18px;padding:10px;border:1px solid #aaa;border-radius:10px'><b>Frame:</b> Nを決(き)める</div></div>	<div style='font-family:sans-serif;line-height:1.55'><div style='font-size:36px;font-weight:700;text-align:center'>決(き)める</div><div style='font-size:18px;opacity:.7;text-align:center'>きめる</div><div style='margin-top:14px'><b>一段(いちだん)</b> · 他動詞(たどうし)</div><div><b>Frame:</b> Nを決(き)める</div><div style='margin-top:14px;font-size:21px'>日程(にってい)を決(き)める。</div><div style='opacity:.7'>🇰🇷 일정을 정하다.</div></div>	JLPT_N3_4M mechanics_verb pair_decide ichidan transitive production
<div style='font-family:sans-serif;line-height:1.55;text-align:center'><div style='font-size:28px;font-weight:700'>🇰🇷 정해지다; 결정되다</div><div style='font-size:18px;opacity:.75;margin-top:8px'>🇬🇧 to be decided</div><div style='margin-top:18px;padding:10px;border:1px solid #aaa;border-radius:10px'><b>Frame:</b> Nが決(き)まる</div></div>	<div style='font-family:sans-serif;line-height:1.55'><div style='font-size:36px;font-weight:700;text-align:center'>決(き)まる</div><div style='font-size:18px;opacity:.7;text-align:center'>きまる</div><div style='margin-top:14px'><b>五段(ごだん)</b> · 自動詞(じどうし)</div><div><b>Frame:</b> Nが決(き)まる</div><div style='margin-top:14px;font-size:21px'>日程(にってい)が決(き)まる。</div><div style='opacity:.7'>🇰🇷 일정이 정해진다.</div></div>	JLPT_N3_4M mechanics_verb pair_decide godan intransitive production
<div style='font-family:sans-serif;line-height:1.55;text-align:center'><div style='font-size:28px;font-weight:700'>🇰🇷 계속하다</div><div style='font-size:18px;opacity:.75;margin-top:8px'>🇬🇧 to continue something</div><div style='margin-top:18px;padding:10px;border:1px solid #aaa;border-radius:10px'><b>Frame:</b> Nを／Vます-stem＋続(つづ)ける</div></div>	<div style='font-family:sans-serif;line-height:1.55'><div style='font-size:36px;font-weight:700;text-align:center'>続(つづ)ける</div><div style='font-size:18px;opacity:.7;text-align:center'>つづける</div><div style='margin-top:14px'><b>一段(いちだん)</b> · 他動詞(たどうし)</div><div><b>Frame:</b> Nを／Vます-stem＋続(つづ)ける</div><div style='margin-top:14px;font-size:21px'>勉強(べんきょう)を続(つづ)ける。</div><div style='opacity:.7'>🇰🇷 공부를 계속하다.</div></div>	JLPT_N3_4M mechanics_verb pair_continue ichidan transitive production
<div style='font-family:sans-serif;line-height:1.55;text-align:center'><div style='font-size:28px;font-weight:700'>🇰🇷 계속되다</div><div style='font-size:18px;opacity:.75;margin-top:8px'>🇬🇧 to continue; last</div><div style='margin-top:18px;padding:10px;border:1px solid #aaa;border-radius:10px'><b>Frame:</b> Nが続(つづ)く</div></div>	<div style='font-family:sans-serif;line-height:1.55'><div style='font-size:36px;font-weight:700;text-align:center'>続(つづ)く</div><div style='font-size:18px;opacity:.7;text-align:center'>つづく</div><div style='margin-top:14px'><b>五段(ごだん)</b> · 自動詞(じどうし)</div><div><b>Frame:</b> Nが続(つづ)く</div><div style='margin-top:14px;font-size:21px'>雨(あめ)が三日(みっか)も続(つづ)く。</div><div style='opacity:.7'>🇰🇷 비가 사흘이나 계속된다.</div></div>	JLPT_N3_4M mechanics_verb pair_continue godan intransitive production
<div style='font-family:sans-serif;line-height:1.55;text-align:center'><div style='font-size:28px;font-weight:700'>🇰🇷 늘리다</div><div style='font-size:18px;opacity:.75;margin-top:8px'>🇬🇧 to increase something</div><div style='margin-top:18px;padding:10px;border:1px solid #aaa;border-radius:10px'><b>Frame:</b> Nを増(ふ)やす</div></div>	<div style='font-family:sans-serif;line-height:1.55'><div style='font-size:36px;font-weight:700;text-align:center'>増(ふ)やす</div><div style='font-size:18px;opacity:.7;text-align:center'>ふやす</div><div style='margin-top:14px'><b>五段(ごだん)</b> · 他動詞(たどうし)</div><div><b>Frame:</b> Nを増(ふ)やす</div><div style='margin-top:14px;font-size:21px'>語彙(ごい)を増(ふ)やす。</div><div style='opacity:.7'>🇰🇷 어휘를 늘리다.</div></div>	JLPT_N3_4M mechanics_verb pair_increase godan transitive production
<div style='font-family:sans-serif;line-height:1.55;text-align:center'><div style='font-size:28px;font-weight:700'>🇰🇷 늘다; 증가하다</div><div style='font-size:18px;opacity:.75;margin-top:8px'>🇬🇧 to increase; grow</div><div style='margin-top:18px;padding:10px;border:1px solid #aaa;border-radius:10px'><b>Frame:</b> Nが増(ふ)える</div></div>	<div style='font-family:sans-serif;line-height:1.55'><div style='font-size:36px;font-weight:700;text-align:center'>増(ふ)える</div><div style='font-size:18px;opacity:.7;text-align:center'>ふえる</div><div style='margin-top:14px'><b>一段(いちだん)</b> · 自動詞(じどうし)</div><div><b>Frame:</b> Nが増(ふ)える</div><div style='margin-top:14px;font-size:21px'>仕事(しごと)が増(ふ)える。</div><div style='opacity:.7'>🇰🇷 일이 늘어난다.</div></div>	JLPT_N3_4M mechanics_verb pair_increase ichidan intransitive production
<div style='font-family:sans-serif;line-height:1.55;text-align:center'><div style='font-size:28px;font-weight:700'>🇰🇷 줄이다</div><div style='font-size:18px;opacity:.75;margin-top:8px'>🇬🇧 to reduce something</div><div style='margin-top:18px;padding:10px;border:1px solid #aaa;border-radius:10px'><b>Frame:</b> Nを減(へ)らす</div></div>	<div style='font-family:sans-serif;line-height:1.55'><div style='font-size:36px;font-weight:700;text-align:center'>減(へ)らす</div><div style='font-size:18px;opacity:.7;text-align:center'>へらす</div><div style='margin-top:14px'><b>五段(ごだん)</b> · 他動詞(たどうし)</div><div><b>Frame:</b> Nを減(へ)らす</div><div style='margin-top:14px;font-size:21px'>無駄(むだ)を減(へ)らす。</div><div style='opacity:.7'>🇰🇷 낭비를 줄이다.</div></div>	JLPT_N3_4M mechanics_verb pair_decrease godan transitive production
<div style='font-family:sans-serif;line-height:1.55;text-align:center'><div style='font-size:28px;font-weight:700'>🇰🇷 줄다</div><div style='font-size:18px;opacity:.75;margin-top:8px'>🇬🇧 to decrease; diminish</div><div style='margin-top:18px;padding:10px;border:1px solid #aaa;border-radius:10px'><b>Frame:</b> Nが減(へ)る</div></div>	<div style='font-family:sans-serif;line-height:1.55'><div style='font-size:36px;font-weight:700;text-align:center'>減(へ)る</div><div style='font-size:18px;opacity:.7;text-align:center'>へる</div><div style='margin-top:14px'><b>五段(ごだん)</b> · 自動詞(じどうし)</div><div><b>Frame:</b> Nが減(へ)る</div><div style='margin-top:14px;font-size:21px'>人口(じんこう)が減(へ)る。</div><div style='opacity:.7'>🇰🇷 인구가 줄어든다.</div></div>	JLPT_N3_4M mechanics_verb pair_decrease godan intransitive production
<div style='font-family:sans-serif;line-height:1.55;text-align:center'><div style='font-size:28px;font-weight:700'>🇰🇷 부수다; 망가뜨리다</div><div style='font-size:18px;opacity:.75;margin-top:8px'>🇬🇧 to break something</div><div style='margin-top:18px;padding:10px;border:1px solid #aaa;border-radius:10px'><b>Frame:</b> Nを壊(こわ)す</div></div>	<div style='font-family:sans-serif;line-height:1.55'><div style='font-size:36px;font-weight:700;text-align:center'>壊(こわ)す</div><div style='font-size:18px;opacity:.7;text-align:center'>こわす</div><div style='margin-top:14px'><b>五段(ごだん)</b> · 他動詞(たどうし)</div><div><b>Frame:</b> Nを壊(こわ)す</div><div style='margin-top:14px;font-size:21px'>機械(きかい)を壊(こわ)す。</div><div style='opacity:.7'>🇰🇷 기계를 망가뜨리다.</div></div>	JLPT_N3_4M mechanics_verb pair_break godan transitive production
<div style='font-family:sans-serif;line-height:1.55;text-align:center'><div style='font-size:28px;font-weight:700'>🇰🇷 고장 나다; 부서지다</div><div style='font-size:18px;opacity:.75;margin-top:8px'>🇬🇧 to break; become broken</div><div style='margin-top:18px;padding:10px;border:1px solid #aaa;border-radius:10px'><b>Frame:</b> Nが壊(こわ)れる</div></div>	<div style='font-family:sans-serif;line-height:1.55'><div style='font-size:36px;font-weight:700;text-align:center'>壊(こわ)れる</div><div style='font-size:18px;opacity:.7;text-align:center'>こわれる</div><div style='margin-top:14px'><b>一段(いちだん)</b> · 自動詞(じどうし)</div><div><b>Frame:</b> Nが壊(こわ)れる</div><div style='margin-top:14px;font-size:21px'>機械(きかい)が壊(こわ)れる。</div><div style='opacity:.7'>🇰🇷 기계가 고장 난다.</div></div>	JLPT_N3_4M mechanics_verb pair_break ichidan intransitive production
<div style='font-family:sans-serif;line-height:1.55;text-align:center'><div style='font-size:28px;font-weight:700'>🇰🇷 더럽히다</div><div style='font-size:18px;opacity:.75;margin-top:8px'>🇬🇧 to make dirty</div><div style='margin-top:18px;padding:10px;border:1px solid #aaa;border-radius:10px'><b>Frame:</b> Nを汚(よご)す</div></div>	<div style='font-family:sans-serif;line-height:1.55'><div style='font-size:36px;font-weight:700;text-align:center'>汚(よご)す</div><div style='font-size:18px;opacity:.7;text-align:center'>よごす</div><div style='margin-top:14px'><b>五段(ごだん)</b> · 他動詞(たどうし)</div><div><b>Frame:</b> Nを汚(よご)す</div><div style='margin-top:14px;font-size:21px'>服(ふく)を汚(よご)す。</div><div style='opacity:.7'>🇰🇷 옷을 더럽히다.</div></div>	JLPT_N3_4M mechanics_verb pair_dirty godan transitive production
<div style='font-family:sans-serif;line-height:1.55;text-align:center'><div style='font-size:28px;font-weight:700'>🇰🇷 더러워지다</div><div style='font-size:18px;opacity:.75;margin-top:8px'>🇬🇧 to become dirty</div><div style='margin-top:18px;padding:10px;border:1px solid #aaa;border-radius:10px'><b>Frame:</b> Nが汚(よご)れる</div></div>	<div style='font-family:sans-serif;line-height:1.55'><div style='font-size:36px;font-weight:700;text-align:center'>汚(よご)れる</div><div style='font-size:18px;opacity:.7;text-align:center'>よごれる</div><div style='margin-top:14px'><b>一段(いちだん)</b> · 自動詞(じどうし)</div><div><b>Frame:</b> Nが汚(よご)れる</div><div style='margin-top:14px;font-size:21px'>服(ふく)が汚(よご)れる。</div><div style='opacity:.7'>🇰🇷 옷이 더러워진다.</div></div>	JLPT_N3_4M mechanics_verb pair_dirty ichidan intransitive production
<div style='font-family:sans-serif;line-height:1.55;text-align:center'><div style='font-size:28px;font-weight:700'>🇰🇷 고치다</div><div style='font-size:18px;opacity:.75;margin-top:8px'>🇬🇧 to fix; correct something</div><div style='margin-top:18px;padding:10px;border:1px solid #aaa;border-radius:10px'><b>Frame:</b> Nを直(なお)す</div></div>	<div style='font-family:sans-serif;line-height:1.55'><div style='font-size:36px;font-weight:700;text-align:center'>直(なお)す</div><div style='font-size:18px;opacity:.7;text-align:center'>なおす</div><div style='margin-top:14px'><b>五段(ごだん)</b> · 他動詞(たどうし)</div><div><b>Frame:</b> Nを直(なお)す</div><div style='margin-top:14px;font-size:21px'>間違(まちが)いを直(なお)す。</div><div style='opacity:.7'>🇰🇷 실수를 고치다.</div></div>	JLPT_N3_4M mechanics_verb pair_fix godan transitive production
<div style='font-family:sans-serif;line-height:1.55;text-align:center'><div style='font-size:28px;font-weight:700'>🇰🇷 고쳐지다; 낫다</div><div style='font-size:18px;opacity:.75;margin-top:8px'>🇬🇧 to be fixed; recover</div><div style='margin-top:18px;padding:10px;border:1px solid #aaa;border-radius:10px'><b>Frame:</b> Nが直(なお)る</div></div>	<div style='font-family:sans-serif;line-height:1.55'><div style='font-size:36px;font-weight:700;text-align:center'>直(なお)る</div><div style='font-size:18px;opacity:.7;text-align:center'>なおる</div><div style='margin-top:14px'><b>五段(ごだん)</b> · 自動詞(じどうし)</div><div><b>Frame:</b> Nが直(なお)る</div><div style='margin-top:14px;font-size:21px'>時計(とけい)が直(なお)る。</div><div style='opacity:.7'>🇰🇷 시계가 고쳐진다.</div></div>	JLPT_N3_4M mechanics_verb pair_fix godan intransitive production
<div style='font-family:sans-serif;line-height:1.55;text-align:center'><div style='font-size:28px;font-weight:700'>🇰🇷 배달하다; 전달하다</div><div style='font-size:18px;opacity:.75;margin-top:8px'>🇬🇧 to deliver something</div><div style='margin-top:18px;padding:10px;border:1px solid #aaa;border-radius:10px'><b>Frame:</b> Nを人(ひと)／場所(ばしょ)に届(とど)ける</div></div>	<div style='font-family:sans-serif;line-height:1.55'><div style='font-size:36px;font-weight:700;text-align:center'>届(とど)ける</div><div style='font-size:18px;opacity:.7;text-align:center'>とどける</div><div style='margin-top:14px'><b>一段(いちだん)</b> · 他動詞(たどうし)</div><div><b>Frame:</b> Nを人(ひと)／場所(ばしょ)に届(とど)ける</div><div style='margin-top:14px;font-size:21px'>荷物(にもつ)を家(いえ)に届(とど)ける。</div><div style='opacity:.7'>🇰🇷 짐을 집에 배달하다.</div></div>	JLPT_N3_4M mechanics_verb pair_deliver ichidan transitive production
<div style='font-family:sans-serif;line-height:1.55;text-align:center'><div style='font-size:28px;font-weight:700'>🇰🇷 도착하다; 전달되다</div><div style='font-size:18px;opacity:.75;margin-top:8px'>🇬🇧 to arrive; be delivered</div><div style='margin-top:18px;padding:10px;border:1px solid #aaa;border-radius:10px'><b>Frame:</b> Nが人(ひと)／場所(ばしょ)に届(とど)く</div></div>	<div style='font-family:sans-serif;line-height:1.55'><div style='font-size:36px;font-weight:700;text-align:center'>届(とど)く</div><div style='font-size:18px;opacity:.7;text-align:center'>とどく</div><div style='margin-top:14px'><b>五段(ごだん)</b> · 自動詞(じどうし)</div><div><b>Frame:</b> Nが人(ひと)／場所(ばしょ)に届(とど)く</div><div style='margin-top:14px;font-size:21px'>荷物(にもつ)が家(いえ)に届(とど)く。</div><div style='opacity:.7'>🇰🇷 짐이 집에 도착하다.</div></div>	JLPT_N3_4M mechanics_verb pair_deliver godan intransitive production
<div style='font-family:sans-serif;line-height:1.55;text-align:center'><div style='font-size:28px;font-weight:700'>🇰🇷 알아보다; 조사하다</div><div style='font-size:18px;opacity:.75;margin-top:8px'>🇬🇧 to investigate; look up</div><div style='margin-top:18px;padding:10px;border:1px solid #aaa;border-radius:10px'><b>Frame:</b> Nを調(しら)べる</div></div>	<div style='font-family:sans-serif;line-height:1.55'><div style='font-size:36px;font-weight:700;text-align:center'>調(しら)べる</div><div style='font-size:18px;opacity:.7;text-align:center'>しらべる</div><div style='margin-top:14px'><b>一段(いちだん)</b> · 他動詞(たどうし)</div><div><b>Frame:</b> Nを調(しら)べる</div><div style='margin-top:14px;font-size:21px'>言葉(ことば)の意味(いみ)を調(しら)べる。</div><div style='opacity:.7'>🇰🇷 단어의 뜻을 알아보다.</div></div>	JLPT_N3_4M mechanics_verb core_verb ichidan transitive production
<div style='font-family:sans-serif;line-height:1.55;text-align:center'><div style='font-size:28px;font-weight:700'>🇰🇷 비교하다</div><div style='font-size:18px;opacity:.75;margin-top:8px'>🇬🇧 to compare</div><div style='margin-top:18px;padding:10px;border:1px solid #aaa;border-radius:10px'><b>Frame:</b> AとBを比(くら)べる</div></div>	<div style='font-family:sans-serif;line-height:1.55'><div style='font-size:36px;font-weight:700;text-align:center'>比(くら)べる</div><div style='font-size:18px;opacity:.7;text-align:center'>くらべる</div><div style='margin-top:14px'><b>一段(いちだん)</b> · 他動詞(たどうし)</div><div><b>Frame:</b> AとBを比(くら)べる</div><div style='margin-top:14px;font-size:21px'>二(ふた)つの方法(ほうほう)を比(くら)べる。</div><div style='opacity:.7'>🇰🇷 두 가지 방법을 비교하다.</div></div>	JLPT_N3_4M mechanics_verb core_verb ichidan transitive production
<div style='font-family:sans-serif;line-height:1.55;text-align:center'><div style='font-size:28px;font-weight:700'>🇰🇷 고르다; 선택하다</div><div style='font-size:18px;opacity:.75;margin-top:8px'>🇬🇧 to choose; select</div><div style='margin-top:18px;padding:10px;border:1px solid #aaa;border-radius:10px'><b>Frame:</b> Nを選(えら)ぶ</div></div>	<div style='font-family:sans-serif;line-height:1.55'><div style='font-size:36px;font-weight:700;text-align:center'>選(えら)ぶ</div><div style='font-size:18px;opacity:.7;text-align:center'>えらぶ</div><div style='margin-top:14px'><b>五段(ごだん)</b> · 他動詞(たどうし)</div><div><b>Frame:</b> Nを選(えら)ぶ</div><div style='margin-top:14px;font-size:21px'>正(ただ)しい答(こた)えを選(えら)ぶ。</div><div style='opacity:.7'>🇰🇷 정답을 고르다.</div></div>	JLPT_N3_4M mechanics_verb core_verb godan transitive production
<div style='font-family:sans-serif;line-height:1.55;text-align:center'><div style='font-size:28px;font-weight:700'>🇰🇷 전하다; 전달하다</div><div style='font-size:18px;opacity:.75;margin-top:8px'>🇬🇧 to convey; tell</div><div style='margin-top:18px;padding:10px;border:1px solid #aaa;border-radius:10px'><b>Frame:</b> 内容(ないよう)を人(ひと)に伝(つた)える</div></div>	<div style='font-family:sans-serif;line-height:1.55'><div style='font-size:36px;font-weight:700;text-align:center'>伝(つた)える</div><div style='font-size:18px;opacity:.7;text-align:center'>つたえる</div><div style='margin-top:14px'><b>一段(いちだん)</b> · 他動詞(たどうし)</div><div><b>Frame:</b> 内容(ないよう)を人(ひと)に伝(つた)える</div><div style='margin-top:14px;font-size:21px'>予定(よてい)を友達(ともだち)に伝(つた)える。</div><div style='opacity:.7'>🇰🇷 일정을 친구에게 전하다.</div></div>	JLPT_N3_4M mechanics_verb core_verb ichidan transitive production
<div style='font-family:sans-serif;line-height:1.55;text-align:center'><div style='font-size:28px;font-weight:700'>🇰🇷 묻다; 여쭙다</div><div style='font-size:18px;opacity:.75;margin-top:8px'>🇬🇧 to ask; inquire</div><div style='margin-top:18px;padding:10px;border:1px solid #aaa;border-radius:10px'><b>Frame:</b> 人(ひと)にNを尋(たず)ねる</div></div>	<div style='font-family:sans-serif;line-height:1.55'><div style='font-size:36px;font-weight:700;text-align:center'>尋(たず)ねる</div><div style='font-size:18px;opacity:.7;text-align:center'>たずねる</div><div style='margin-top:14px'><b>一段(いちだん)</b> · 他動詞(たどうし)</div><div><b>Frame:</b> 人(ひと)にNを尋(たず)ねる</div><div style='margin-top:14px;font-size:21px'>先生(せんせい)に意味(いみ)を尋(たず)ねる。</div><div style='opacity:.7'>🇰🇷 선생님께 뜻을 묻다.</div></div>	JLPT_N3_4M mechanics_verb core_verb ichidan transitive production
<div style='font-family:sans-serif;line-height:1.55;text-align:center'><div style='font-size:28px;font-weight:700'>🇰🇷 거절하다</div><div style='font-size:18px;opacity:.75;margin-top:8px'>🇬🇧 to refuse; decline</div><div style='margin-top:18px;padding:10px;border:1px solid #aaa;border-radius:10px'><b>Frame:</b> Nを断(ことわ)る</div></div>	<div style='font-family:sans-serif;line-height:1.55'><div style='font-size:36px;font-weight:700;text-align:center'>断(ことわ)る</div><div style='font-size:18px;opacity:.7;text-align:center'>ことわる</div><div style='margin-top:14px'><b>五段(ごだん)</b> · 他動詞(たどうし)</div><div><b>Frame:</b> Nを断(ことわ)る</div><div style='margin-top:14px;font-size:21px'>誘(さそ)いを断(ことわ)る。</div><div style='opacity:.7'>🇰🇷 초대를 거절하다.</div></div>	JLPT_N3_4M mechanics_verb core_verb godan transitive production
<div style='font-family:sans-serif;line-height:1.55;text-align:center'><div style='font-size:28px;font-weight:700'>🇰🇷 제시간에 맞다; 늦지 않다</div><div style='font-size:18px;opacity:.75;margin-top:8px'>🇬🇧 to be in time</div><div style='margin-top:18px;padding:10px;border:1px solid #aaa;border-radius:10px'><b>Frame:</b> Nに間(ま)に合(あ)う</div></div>	<div style='font-family:sans-serif;line-height:1.55'><div style='font-size:36px;font-weight:700;text-align:center'>間(ま)に合(あ)う</div><div style='font-size:18px;opacity:.7;text-align:center'>まにあう</div><div style='margin-top:14px'><b>五段(ごだん)</b> · 自動詞(じどうし)</div><div><b>Frame:</b> Nに間(ま)に合(あ)う</div><div style='margin-top:14px;font-size:21px'>試験(しけん)に間(ま)に合(あ)う。</div><div style='opacity:.7'>🇰🇷 시험에 늦지 않다.</div></div>	JLPT_N3_4M mechanics_verb core_verb godan intransitive production
<div style='font-family:sans-serif;line-height:1.55;text-align:center'><div style='font-size:28px;font-weight:700'>🇰🇷 깨닫다; 알아차리다</div><div style='font-size:18px;opacity:.75;margin-top:8px'>🇬🇧 to notice; realize</div><div style='margin-top:18px;padding:10px;border:1px solid #aaa;border-radius:10px'><b>Frame:</b> Nに気(き)づく</div></div>	<div style='font-family:sans-serif;line-height:1.55'><div style='font-size:36px;font-weight:700;text-align:center'>気(き)づく</div><div style='font-size:18px;opacity:.7;text-align:center'>きづく</div><div style='margin-top:14px'><b>五段(ごだん)</b> · 自動詞(じどうし)</div><div><b>Frame:</b> Nに気(き)づく</div><div style='margin-top:14px;font-size:21px'>間違(まちが)いに気(き)づく。</div><div style='opacity:.7'>🇰🇷 실수를 알아차리다.</div></div>	JLPT_N3_4M mechanics_verb core_verb godan intransitive production
<div style='font-family:sans-serif;line-height:1.55;text-align:center'><div style='font-size:28px;font-weight:700'>🇰🇷 익숙해지다</div><div style='font-size:18px;opacity:.75;margin-top:8px'>🇬🇧 to get used to</div><div style='margin-top:18px;padding:10px;border:1px solid #aaa;border-radius:10px'><b>Frame:</b> Nに慣(な)れる</div></div>	<div style='font-family:sans-serif;line-height:1.55'><div style='font-size:36px;font-weight:700;text-align:center'>慣(な)れる</div><div style='font-size:18px;opacity:.7;text-align:center'>なれる</div><div style='margin-top:14px'><b>一段(いちだん)</b> · 自動詞(じどうし)</div><div><b>Frame:</b> Nに慣(な)れる</div><div style='margin-top:14px;font-size:21px'>日本(にほん)の生活(せいかつ)に慣(な)れる。</div><div style='opacity:.7'>🇰🇷 일본 생활에 익숙해지다.</div></div>	JLPT_N3_4M mechanics_verb core_verb ichidan intransitive production
<div style='font-family:sans-serif;line-height:1.55;text-align:center'><div style='font-size:28px;font-weight:700'>🇰🇷 닮다</div><div style='font-size:18px;opacity:.75;margin-top:8px'>🇬🇧 to resemble</div><div style='margin-top:18px;padding:10px;border:1px solid #aaa;border-radius:10px'><b>Frame:</b> Nに似(に)ている</div></div>	<div style='font-family:sans-serif;line-height:1.55'><div style='font-size:36px;font-weight:700;text-align:center'>似(に)る</div><div style='font-size:18px;opacity:.7;text-align:center'>にる</div><div style='margin-top:14px'><b>一段(いちだん)</b> · 自動詞(じどうし)</div><div><b>Frame:</b> Nに似(に)ている</div><div style='margin-top:14px;font-size:21px'>母(はは)に似(に)ている。</div><div style='opacity:.7'>🇰🇷 어머니를 닮았다.</div></div>	JLPT_N3_4M mechanics_verb core_verb ichidan intransitive production
<div style='font-family:sans-serif;line-height:1.55;text-align:center'><div style='font-size:28px;font-weight:700'>🇰🇷 도움이 되다</div><div style='font-size:18px;opacity:.75;margin-top:8px'>🇬🇧 to be useful; help</div><div style='margin-top:18px;padding:10px;border:1px solid #aaa;border-radius:10px'><b>Frame:</b> Nに役立(やくだ)つ</div></div>	<div style='font-family:sans-serif;line-height:1.55'><div style='font-size:36px;font-weight:700;text-align:center'>役立(やくだ)つ</div><div style='font-size:18px;opacity:.7;text-align:center'>やくだつ</div><div style='margin-top:14px'><b>五段(ごだん)</b> · 自動詞(じどうし)</div><div><b>Frame:</b> Nに役立(やくだ)つ</div><div style='margin-top:14px;font-size:21px'>仕事(しごと)に役立(やくだ)つ。</div><div style='opacity:.7'>🇰🇷 일에 도움이 되다.</div></div>	JLPT_N3_4M mechanics_verb core_verb godan intransitive production
<div style='font-family:sans-serif;line-height:1.55;text-align:center'><div style='font-size:28px;font-weight:700'>🇰🇷 지불하다</div><div style='font-size:18px;opacity:.75;margin-top:8px'>🇬🇧 to pay</div><div style='margin-top:18px;padding:10px;border:1px solid #aaa;border-radius:10px'><b>Frame:</b> Nを支払(しはら)う</div></div>	<div style='font-family:sans-serif;line-height:1.55'><div style='font-size:36px;font-weight:700;text-align:center'>支払(しはら)う</div><div style='font-size:18px;opacity:.7;text-align:center'>しはらう</div><div style='margin-top:14px'><b>五段(ごだん)</b> · 他動詞(たどうし)</div><div><b>Frame:</b> Nを支払(しはら)う</div><div style='margin-top:14px;font-size:21px'>料金(りょうきん)を支払(しはら)う。</div><div style='opacity:.7'>🇰🇷 요금을 지불하다.</div></div>	JLPT_N3_4M mechanics_verb core_verb godan transitive production
<div style='font-family:sans-serif;line-height:1.55;text-align:center'><div style='font-size:28px;font-weight:700'>🇰🇷 받다; 수령하다</div><div style='font-size:18px;opacity:.75;margin-top:8px'>🇬🇧 to receive; accept</div><div style='margin-top:18px;padding:10px;border:1px solid #aaa;border-radius:10px'><b>Frame:</b> Nを受(う)け取(と)る</div></div>	<div style='font-family:sans-serif;line-height:1.55'><div style='font-size:36px;font-weight:700;text-align:center'>受(う)け取(と)る</div><div style='font-size:18px;opacity:.7;text-align:center'>うけとる</div><div style='margin-top:14px'><b>五段(ごだん)</b> · 他動詞(たどうし)</div><div><b>Frame:</b> Nを受(う)け取(と)る</div><div style='margin-top:14px;font-size:21px'>荷物(にもつ)を受(う)け取(と)る。</div><div style='opacity:.7'>🇰🇷 짐을 받다.</div></div>	JLPT_N3_4M mechanics_verb core_verb godan transitive production
<div style='font-family:sans-serif;line-height:1.55;text-align:center'><div style='font-size:28px;font-weight:700'>🇰🇷 보내다</div><div style='font-size:18px;opacity:.75;margin-top:8px'>🇬🇧 to spend time</div><div style='margin-top:18px;padding:10px;border:1px solid #aaa;border-radius:10px'><b>Frame:</b> 時間(じかん)を過(す)ごす</div></div>	<div style='font-family:sans-serif;line-height:1.55'><div style='font-size:36px;font-weight:700;text-align:center'>過(す)ごす</div><div style='font-size:18px;opacity:.7;text-align:center'>すごす</div><div style='margin-top:14px'><b>五段(ごだん)</b> · 他動詞(たどうし)</div><div><b>Frame:</b> 時間(じかん)を過(す)ごす</div><div style='margin-top:14px;font-size:21px'>家族(かぞく)と休日(きゅうじつ)を過(す)ごす。</div><div style='opacity:.7'>🇰🇷 가족과 휴일을 보내다.</div></div>	JLPT_N3_4M mechanics_verb core_verb godan transitive production
<div style='font-family:sans-serif;line-height:1.55;text-align:center'><div style='font-size:28px;font-weight:700'>🇰🇷 나아가다; 진행되다</div><div style='font-size:18px;opacity:.75;margin-top:8px'>🇬🇧 to advance; proceed</div><div style='margin-top:18px;padding:10px;border:1px solid #aaa;border-radius:10px'><b>Frame:</b> Nが／方向(ほうこう)へ進(すす)む</div></div>	<div style='font-family:sans-serif;line-height:1.55'><div style='font-size:36px;font-weight:700;text-align:center'>進(すす)む</div><div style='font-size:18px;opacity:.7;text-align:center'>すすむ</div><div style='margin-top:14px'><b>五段(ごだん)</b> · 自動詞(じどうし)</div><div><b>Frame:</b> Nが／方向(ほうこう)へ進(すす)む</div><div style='margin-top:14px;font-size:21px'>計画(けいかく)が順調(じゅんちょう)に進(すす)む。</div><div style='opacity:.7'>🇰🇷 계획이 순조롭게 진행된다.</div></div>	JLPT_N3_4M mechanics_verb core_verb godan intransitive production
<div style='font-family:sans-serif;line-height:1.55;text-align:center'><div style='font-size:28px;font-weight:700'>🇰🇷 돌아가다; 돌아오다</div><div style='font-size:18px;opacity:.75;margin-top:8px'>🇬🇧 to return</div><div style='margin-top:18px;padding:10px;border:1px solid #aaa;border-radius:10px'><b>Frame:</b> 場所(ばしょ)に／へ戻(もど)る</div></div>	<div style='font-family:sans-serif;line-height:1.55'><div style='font-size:36px;font-weight:700;text-align:center'>戻(もど)る</div><div style='font-size:18px;opacity:.7;text-align:center'>もどる</div><div style='margin-top:14px'><b>五段(ごだん)</b> · 自動詞(じどうし)</div><div><b>Frame:</b> 場所(ばしょ)に／へ戻(もど)る</div><div style='margin-top:14px;font-size:21px'>会社(かいしゃ)に戻(もど)る。</div><div style='opacity:.7'>🇰🇷 회사로 돌아가다.</div></div>	JLPT_N3_4M mechanics_verb core_verb godan intransitive production
<div style='font-family:sans-serif;line-height:1.55;text-align:center'><div style='font-size:28px;font-weight:700'>🇰🇷 맞이하다; 마중하다</div><div style='font-size:18px;opacity:.75;margin-top:8px'>🇬🇧 to welcome; meet</div><div style='margin-top:18px;padding:10px;border:1px solid #aaa;border-radius:10px'><b>Frame:</b> 人(ひと)を迎(むか)える</div></div>	<div style='font-family:sans-serif;line-height:1.55'><div style='font-size:36px;font-weight:700;text-align:center'>迎(むか)える</div><div style='font-size:18px;opacity:.7;text-align:center'>むかえる</div><div style='margin-top:14px'><b>一段(いちだん)</b> · 他動詞(たどうし)</div><div><b>Frame:</b> 人(ひと)を迎(むか)える</div><div style='margin-top:14px;font-size:21px'>駅(えき)で友達(ともだち)を迎(むか)える。</div><div style='opacity:.7'>🇰🇷 역에서 친구를 마중하다.</div></div>	JLPT_N3_4M mechanics_verb core_verb ichidan transitive production
<div style='font-family:sans-serif;line-height:1.55;text-align:center'><div style='font-size:28px;font-weight:700'>🇰🇷 지키다</div><div style='font-size:18px;opacity:.75;margin-top:8px'>🇬🇧 to protect; obey</div><div style='margin-top:18px;padding:10px;border:1px solid #aaa;border-radius:10px'><b>Frame:</b> Nを守(まも)る</div></div>	<div style='font-family:sans-serif;line-height:1.55'><div style='font-size:36px;font-weight:700;text-align:center'>守(まも)る</div><div style='font-size:18px;opacity:.7;text-align:center'>まもる</div><div style='margin-top:14px'><b>五段(ごだん)</b> · 他動詞(たどうし)</div><div><b>Frame:</b> Nを守(まも)る</div><div style='margin-top:14px;font-size:21px'>約束(やくそく)を守(まも)る。</div><div style='opacity:.7'>🇰🇷 약속을 지키다.</div></div>	JLPT_N3_4M mechanics_verb core_verb godan transitive production
<div style='font-family:sans-serif;line-height:1.55;text-align:center'><div style='font-size:28px;font-weight:700'>🇰🇷 피하다</div><div style='font-size:18px;opacity:.75;margin-top:8px'>🇬🇧 to avoid</div><div style='margin-top:18px;padding:10px;border:1px solid #aaa;border-radius:10px'><b>Frame:</b> Nを避(さ)ける</div></div>	<div style='font-family:sans-serif;line-height:1.55'><div style='font-size:36px;font-weight:700;text-align:center'>避(さ)ける</div><div style='font-size:18px;opacity:.7;text-align:center'>さける</div><div style='margin-top:14px'><b>一段(いちだん)</b> · 他動詞(たどうし)</div><div><b>Frame:</b> Nを避(さ)ける</div><div style='margin-top:14px;font-size:21px'>危険(きけん)を避(さ)ける。</div><div style='opacity:.7'>🇰🇷 위험을 피하다.</div></div>	JLPT_N3_4M mechanics_verb core_verb ichidan transitive production
<div style='font-family:sans-serif;line-height:1.55;text-align:center'><div style='font-size:28px;font-weight:700'>🇰🇷 인정하다</div><div style='font-size:18px;opacity:.75;margin-top:8px'>🇬🇧 to recognize; admit</div><div style='margin-top:18px;padding:10px;border:1px solid #aaa;border-radius:10px'><b>Frame:</b> Nを認(みと)める</div></div>	<div style='font-family:sans-serif;line-height:1.55'><div style='font-size:36px;font-weight:700;text-align:center'>認(みと)める</div><div style='font-size:18px;opacity:.7;text-align:center'>みとめる</div><div style='margin-top:14px'><b>一段(いちだん)</b> · 他動詞(たどうし)</div><div><b>Frame:</b> Nを認(みと)める</div><div style='margin-top:14px;font-size:21px'>自分(じぶん)の間違(まちが)いを認(みと)める。</div><div style='opacity:.7'>🇰🇷 자신의 실수를 인정하다.</div></div>	JLPT_N3_4M mechanics_verb core_verb ichidan transitive production
